OrchardDesc,PIN,Manager,OrchardGroup,Planting code,Variety,Root stock,Growing system,Row spacing,Tree spacing,# trees,Hectares,Growing method,Mgmt. area,Prod. site,Clearance,Tags (season)
Crown,R2924,Shane Crawford,Crownthorpe Sector,CROWN A1,Rockit,M.9,Spindle,3,1.4,4104,1.78,Conventional,A,A,,
Crown,R2924,Shane Crawford,Crownthorpe Sector,CROWN A2,Rockit,M.9,Spindle,3,1.4,6252,2.71,Conventional,B,B,,
Crown,R2924,Shane Crawford,Crownthorpe Sector,CROWN B1,Rockit,M.9,Spindle,3,1.4,4046,1.76,Conventional,C,C,,
Crown,R2924,Shane Crawford,Crownthorpe Sector,CROWN B2,Rockit,M.9,Spindle,3,1.4,4519,1.9,Conventional,D,,,Non-production
IND - Cypress,R2710,,Independent Sector,CYP-A1 1,Rockit,CG202,,3.5,1.5,734,0.39,Conventional,A1,A,,
IND - Cypress,R2710,,Independent Sector,CYP-A1 2,Rockit,CG202,,1.5,3.5,0,0,Conventional,,,,
IND - Cypress,R2710,,Independent Sector,CYP-A1 3,Rockit,CG202,,3.5,1.5,0,0,Conventional,,,,
IND - Cypress,R2710,,Independent Sector,CYP-A2,Rockit,M116,,3.5,2,0,0,Conventional,,,,
IND - Cypress,R2710,,Independent Sector,CYP-A3,Rockit,M9,,3.5,1.5,0,0,Conventional,,,,
IND - Cypress,R2710,,Independent Sector,CYP-C1 1,Rockit,CG202,,3.5,1.5,4949,2.6,Conventional,C1,C,,
IND - Cypress,R2710,,Independent Sector,CYP-C1 2,Rockit,CG202,,3.5,1.5,1553,0.82,Conventional,C1,C,,
IND - Dartmoor,R2851,,Independent Sector,DAR-DR1,Rockit,M.9,2D,2.8,1.5,7273,3,Conventional,DR1,A,,
IND - Dartmoor,R2851,,Independent Sector,DAR-DR2,Rockit,M.9,2D,2.8,1.5,8466,3.46,Conventional,DR2,C,,
IND - Dartmoor,R2851,,Independent Sector,DAR-DR3,Rockit,M.9,2D,2.8,1.5,8040,3.32,Conventional,DR3,E,,
IND - Dartmoor,R2851,,Independent Sector,DAR-DR4,Rockit,M.9,2D,2.8,1.5,5955,2.46,Conventional,DR4,G,,
IND - Dartmoor,R2851,,Independent Sector,DAR-DR5,Rockit,M.9,2D,2.8,1.5,3501,1.44,Conventional,DR5,I,,
IND - Dartmoor,R2851,,Independent Sector,DAR-DR6,Rockit,M.9,2D,2.8,1.5,4574,1.88,Conventional,DR6,K,,
IND - Dartmoor,R2851,,Independent Sector,DAR-DR7,Rockit,M.9,2D,2.8,1.5,4163,1.71,Conventional,DR7,M,,
Dartmoor,R2150,,Independent Sector,DTM A,Rockit,M.9,Spindle,3,1.4,4312,1.8,Conventional,A,A,,
Dartmoor,R2150,,Independent Sector,DTM B,Rockit,M.9,Spindle,3,1.4,1233,0.51,Conventional,B,A,,
Dartmoor,R2150,,Independent Sector,DTM C,Rockit,M.9,Spindle,3,1.4,4472,1.87,Conventional,C,B,,
Dartmoor,R2150,,Independent Sector,DTM D,Rockit,M.9,Spindle,3,1.4,4501,1.89,Conventional,D,B,,
IND - Global Orchard,R2124,,Independent Sector,GLO-A,Rockit,MM.106,,4,1.4,5230,2.9,Conventional,A,A,,
IND - Global Orchard,R2124,,Independent Sector,GLO-B,Rockit,MM.106,,4,2,2340,1.87,Conventional,B,B,,
IND - Global Orchard,R2124,,Independent Sector,GLO-C,Rockit,MM.106,,4,2,1800,1.44,Conventional,C,C,,
Haumoana,R2776,Milap Sondh,Hastings Sector,HAU A1,Rockit,M.9,Spindle,3,1.4,4473,1.87866,Conventional,A,A,,
Haumoana,R2776,Milap Sondh,Hastings Sector,HAU A2,Rockit,M.9,Spindle,3,1.4,6078,2.55192,Conventional,C,C,,
Haumoana,R2776,Milap Sondh,Hastings Sector,HAU B1,Rockit,M.9,Spindle,3,1.4,3992,1.67664,Conventional,B,B,,
Haumoana,R2776,Milap Sondh,Hastings Sector,HAU B2,Rockit,M.9,Spindle,3,1.4,5056,2.12352,Conventional,D,D,,
Home Block,R1230,Todd Blackman,Havelock Sector,HME A,Rockit,CG202,FOPS,2.2,3,4722,3.11652,Conventional,A,A,,
Home Block,R1230,Todd Blackman,Havelock Sector,HME B,Rockit,CG202,FOPS,2.2,3,4644,3.06504,Conventional,B,B,,
Home Block,R1230,Todd Blackman,Havelock Sector,HME C,Rockit,M.9,Spindle,3.5,1.4,6431,3.151,Conventional,C,C,,
Home Block,R1230,Todd Blackman,Havelock Sector,HME D1,Rockit,M.9,FOPS,2.2,2.4,1262,0.666336,Conventional,D1,D,,
Home Block,R1230,Todd Blackman,Havelock Sector,HME D2,Rockit,M.9,Spindle,3,1.4,1427,0.59934,Conventional,D,D,,
Home Block,R1230,Todd Blackman,Havelock Sector,HME D3,Rockit,CG202,FOPS,2.2,3,3517,2.32122,Conventional,D,D,,
Home Block,R1230,Todd Blackman,Havelock Sector,HME E1-7,Rockit,M.9/M.26,Spindle,3.5,1.5,3850,2.02125,Conventional,E,E,,
Home Block,R1230,Todd Blackman,Havelock Sector,HME E8,Rockit,M.793,Spindle,5,1.4,464,0.3248,Conventional,E,E,,
Home Block,R1230,Todd Blackman,Havelock Sector,HME F1,Rockit,M.9,Spindle,3.5,1.4,995,0.48755,Conventional,F,F,,
Home Block,R1230,Todd Blackman,Havelock Sector,HME F2,Rockit,M.9,FOPS,2.2,2.4,3609,1.905552,Conventional,F,F,,
IND - Huawhenua - Home,R1751,,Independent Sector,HUA-A3,Rockit,MM.106,,5,2.5,570,0.7125,Conventional,A3,A,,
IND - Huawhenua - Home,R1751,,Independent Sector,HUA-B1,Rockit,M.26,,4.1,1.8,1543,1.11,Conventional,B1,B,,
IND - Huawhenua - Home,R1751,,Independent Sector,HUA-B2,Rockit,CG202,,3.5,1.5,726,0.38115,Conventional,B2,B,,
IND - Huawhenua - Home,R1751,,Independent Sector,HUA-B2.2,Rockit,MM102,,4.1,1.8,0,0,Conventional,,,,
IND - Korokipo,R2850,,Independent Sector,KOR-KCR1,Rockit,M.9,2D,2.8,1.5,5680,2.34,Conventional,KCR1,A,,
IND - Korokipo,R2850,,Independent Sector,KOR-KCR2,Rockit,M.9,2D,2.8,1.5,7754,3.25668,Conventional,KCR2,C,,
IND - Korokipo,R2850,,Independent Sector,KOR-KCR3,Rockit,M.9,2D,2.8,1.5,10938,4.59396,Conventional,KCR3,E,,
IND - Korokipo,R2850,,Independent Sector,KOR-KPR1,Rockit,M.9,2D,2.8,1.5,5763,2.42046,Conventional,KPR1,H,,
IND - Korokipo,R2850,,Independent Sector,KOR-KPR2,Rockit,M.9,2D,2.8,1.5,6348,2.66616,Conventional,KPR2,I,,
IND - Korokipo Verries,R2872,,Independent Sector,KOV-KVR1,Rockit,M9,2D,2.8,1.5,0,1.14,Conventional,KVR1,,,
IND - Korokipo Verries,R2872,,Independent Sector,KOV-KVR2,Rockit,M9,2D,2.8,1.5,0,1.58,Conventional,KVR2,,,
IND - Korokipo Verries,R2872,,Independent Sector,KOV-KVR3,Rockit,M9,2D,2.8,1.5,0,1.8,Conventional,KVR3,,,
IND - Korokipo Verries,R2872,,Independent Sector,KOV-KVR4,Rockit,M9,2D,2.8,1.5,0,1.17,Conventional,KVR4,,,
Lawn Road,R2917,Milap Sondh,Hastings Sector,LAWN A1,Rockit,M.9,2D,3,1.4,4627,1.97,Conventional,A,,,Non-production
Lawn Road,R2917,Milap Sondh,Hastings Sector,LAWN A2,Rockit,M.9,2D,3,1.4,4959,2.05,Conventional,B,,,Non-production
Lawn Road,R2917,Milap Sondh,Hastings Sector,LAWN B1,Rockit,M.9,2D,3,1.4,4544,1.97,Conventional,C,,,Non-production
Lawn Road,R2917,Milap Sondh,Hastings Sector,LAWN B2,Rockit,M.9,2D,3,1.4,5356,2.21,Conventional,D,,,Non-production
Lawn Road,R2917,Milap Sondh,Hastings Sector,LAWN C1,Rockit,M.9,2D,3,1.4,3984,1.7,Conventional,E,,,Non-production
Lawn Road,R2917,Milap Sondh,Hastings Sector,LAWN C2,Rockit,M.9,2D,3,1.4,5108,2.19,Conventional,F,,,Non-production
IND - Longlands,R2329,,Independent Sector,LGL A1,Rockit,M.9,2D,2.5,1.6,7517,2.683,Conventional,A1,,,Non-production
IND - Longlands,R2329,,Independent Sector,LGL A2,Rockit,M.9,2D,2.5,1.6,2442,0.93,Conventional,A2,,,Non-production
IND - Longlands,R2329,,Independent Sector,LGL B1,Rockit,M.9,2D,2.5,1.6,3862,1.489,Conventional,B1,,,Non-production
IND - Longlands,R2329,,Independent Sector,LGL B2,Rockit,M.9,2D,2.5,1.6,1584,1.559,Conventional,B2,,,Non-production
IND - Longlands,R2329,,Independent Sector,LGL B3,Rockit,M.9,2D,2.5,1.6,739,0.244,Conventional,B3,,,Non-production
IND - Longlands,R2329,,Independent Sector,LGL B4,Rockit,M.9,2D,2.5,1.6,1559,0.624,Conventional,B4,,,Non-production
IND - Longlands,R2329,,Independent Sector,LGL C1,Rockit,M.9,2D,2.5,1.6,7158,2.064,Conventional,C1,,,Non-production
IND - Longlands,R2329,,Independent Sector,LGL C2,Rockit,M.9,2D,2.5,1.6,5787,2.384,Conventional,C2,,,Non-production
IND - Longlands,R2329,,Independent Sector,LGL D1,Rockit,M.9,2D,2.5,1.6,9659,4.13,Conventional,D1,,,Non-production
IND - Longlands,R2329,,Independent Sector,LGL D2,Rockit,M.9,2D,2.5,1.6,7948,0,Conventional,D2,,,Non-production
Lobb,R2899,Todd Blackman,Havelock Sector,LOBB A,Rockit,CG202,Spindle,3.5,1.4,5665,2.77585,Conventional,A,A,,
Lobb,R2899,Todd Blackman,Havelock Sector,LOBB B,Rockit,CG202,Spindle,3.5,1.4,5520,2.7048,Conventional,B,B,,
IND- Longacre Orchard (RLA),R2219,,Independent Sector,LONGACR A1,Rockit,CG202,Spindle,3.5,1.4,2392,1.11034,Conventional,A,A,,
IND- Longacre Orchard (RLA),R2219,,Independent Sector,LONGACR A2,Rockit,CG202,Spindle,3.5,1.4,2177,0.99421,Conventional,B,A,,
IND- Longacre Orchard (RLA),R2219,,Independent Sector,LONGACR B1,Rockit,M.9,2D,3,1.4,3956,1.66152,Conventional,C,B,,
IND- Longacre Orchard (RLA),R2219,,Independent Sector,LONGACR B2,Rockit,M.9,2D,3,1.6,3960,1.6632,Conventional,D,B,,
IND- Longacre Orchard (RLA),R2219,,Independent Sector,LONGACR C1,Rockit,M.9,2D,3,1.6,1701,0.71442,Conventional,E,B,,
IND- Longacre Orchard (RLA),R2219,,Independent Sector,LONGACR C2,Rockit,M.9,2D,3,1.4,2767,1.16214,Conventional,G,C,,Non-production
Lowry,R2918,Shane Crawford,Crownthorpe Sector,LOWRY 10,Rockit,M9,Spindle,3,1.4,0,0,Conventional,,,,
Lowry,R2918,Shane Crawford,Crownthorpe Sector,LOWRY 4,Rockit,M9,Spindle,3,1.4,3972,1.682,Conventional,4,,,
Lowry,R2918,Shane Crawford,Crownthorpe Sector,LOWRY 8,Rockit,M9,Spindle,3,1.4,9115,3.746,Conventional,8,,,
Lowry,R2918,Shane Crawford,Crownthorpe Sector,LOWRY A1,Rockit,CG202,Spindle,2.8,1.4,9094,2.745,Conventional,3,,,
Lowry,R2918,Shane Crawford,Crownthorpe Sector,LOWRY A2,Rockit,CG202,Spindle,2.8,1.4,9196,3.751,Conventional,2,,,
Lowry,R2918,Shane Crawford,Crownthorpe Sector,LOWRY B1,Rockit,CG202,Twin Leader,2.8,1.4,6508,3.751,Conventional,1,,,
Lowry,R2918,Shane Crawford,Crownthorpe Sector,LOWRY B2,Rockit,CG41,Spindle,3,1.4,0,0,Conventional,,,,
Lowry,R2918,Shane Crawford,Crownthorpe Sector,LOWRY B3,Rockit,M.9,Spindle,3,1.4,0,0,Conventional,,,(excluded),
Lowry,R2918,Shane Crawford,Crownthorpe Sector,LOWRY D1,Rockit,CG202,2D,2.5,1.4,3913,1.638,Conventional,9A,,,
Lowry,R2918,Shane Crawford,Crownthorpe Sector,LOWRY D2,Rockit,M9,2D,2.5,1.4,4819,1.744,Conventional,9B,,,
Lowry,R2918,Shane Crawford,Crownthorpe Sector,LOWRY D3,Rockit,CG202,FOPS,2.2,2.8,2851,1.752,Conventional,12B,,,
Lowry,R2918,Shane Crawford,Crownthorpe Sector,LOWRY D4,Rockit,M.9,FOPS,2.2,2.4,2020,1.717,Conventional,12A,,,
Lowry,R2918,Shane Crawford,Crownthorpe Sector,LOWRY F1,Rockit,M.9,FOPS,2.2,2.4,9554,2.643,Conventional,13,,,
Lowry,R2918,Shane Crawford,Crownthorpe Sector,LOWRY NUR,Rockit,M116/CG202,Spindle,3,1,1,0.48,Conventional,10,,,
Mana 1,R2926,Andrew Culver,Maraekakaho Sector,MANA1 - A1,Rockit,M.9,2D,3,1.4,7916,3.26,Conventional,1,A,,
Mana 1,R2926,Andrew Culver,Maraekakaho Sector,MANA1 - A2,Rockit,M.9,2D,3,1.4,6554,2.676,Conventional,2,A,,
Mana 1,R2926,Andrew Culver,Maraekakaho Sector,MANA1 - B1,Rockit,M.9,2D,3,1.4,7283,3.068,Conventional,4,B,,
Mana 1,R2926,Andrew Culver,Maraekakaho Sector,MANA1 - B2,Rockit,M.9,2D,3,1.4,7255,3.07,Conventional,3,B,,
Mana 2,R2927,Andrew Culver,Maraekakaho Sector,MANA2 - A1,Rockit,M.9,2D,3,1.4,6625,2.769,Conventional,1,A,,
Mana 2,R2927,Andrew Culver,Maraekakaho Sector,MANA2 - A2,Rockit,M.9,2D,3,1.4,6138,2.569,Conventional,2,A,,
Mana 2,R2927,Andrew Culver,Maraekakaho Sector,MANA2 - B1,Rockit,M.9,2D,3,1.4,6396,2.457,Conventional,4,B,,
Mana 2,R2927,Andrew Culver,Maraekakaho Sector,MANA2 - B2,Rockit,M.9,2D,3,1.4,6524,2.783,Conventional,3,B,,
Manahi,R2880,Todd Blackman,Havelock Sector,MANAHI A1,Rockit,M.9,Spindle,3,1.4,5076,2.13192,Conventional,A1,A,,
Manahi,R2880,Todd Blackman,Havelock Sector,MANAHI A2,Rockit,M.9,Spindle,3,1.4,5275,2.2155,Conventional,A2,B,,
Manahi,R2880,Todd Blackman,Havelock Sector,MANAHI B1,Rockit,M.9,Spindle,3,1.4,5610,2.3562,Conventional,A3,C,,
Manahi,R2880,Todd Blackman,Havelock Sector,MANAHI B2,Rockit,M.9,Spindle,3,1.4,2587,1.08654,Conventional,A4,D,,
Manahi,R2880,Todd Blackman,Havelock Sector,MANAHI C,Rockit,M.9,Spindle,3,1.4,6571,2.75982,Conventional,B1,E,,
Manahi,R2880,Todd Blackman,Havelock Sector,MANAHI D,Rockit,M.9,Spindle,3,1.4,6993,2.93706,Conventional,B2,F,,
Manahi,R2880,Todd Blackman,Havelock Sector,MANAHI E,Rockit,M.9,Spindle,3,1.4,5050,2.121,Conventional,B3,G,,
Manahi,R2880,Todd Blackman,Havelock Sector,MANAHI F1,Rockit,M.9,Spindle,3,1.4,5715,2.4003,Conventional,C1,H,,
Manahi,R2880,Todd Blackman,Havelock Sector,MANAHI F2,Rockit,M.9,Spindle,3,1.4,5162,2.16804,Conventional,C2,I,,
IND - Manzana,R2879,,Independent Sector,MANZ A1,Rockit,M.9,Spindle,3,1.4,5909,2.48,Conventional,A1,A,,
IND - Manzana,R2879,,Independent Sector,MANZ A2,Rockit,M.9,Spindle,3,1.4,4673,1.96,Conventional,A2,A,,
IND - Manzana,R2879,,Independent Sector,MANZ A3,Rockit,M.9,Spindle,3,1.4,3013,1.27,Conventional,A3,A,,
IND - Manzana,R2879,,Independent Sector,MANZ B1,Rockit,M.9,Spindle,3,1.4,3777,1.57,Conventional,B1,B,,
IND - Manzana,R2879,,Independent Sector,MANZ B2,Rockit,M.9/M.26,Spindle,3,1.4,5222,2.19,Conventional,B2,B,,
IND - Manzana,R2879,,Independent Sector,MANZ B3,Rockit,M.9,Spindle,3,1.4,2942,1.24,Conventional,B3,B,,
IND - Manzana,R2879,,Independent Sector,MANZ C1,Rockit,M.9,Spindle,3,1.4,4655,1.96,Conventional,C1,C,,
IND - Manzana,R2879,,Independent Sector,MANZ C2,Rockit,M.9/M.26,Spindle,3,1.4,7020,2.95,Conventional,C2,C,,
IND - Manzana,R2879,,Independent Sector,MANZ C3,Rockit,M.9,Spindle,3,1.4,6865,2.88,Conventional,C3,C,,
IND - Manzana,R2879,,Independent Sector,MANZ D1,Rockit,M.9,Spindle,3,1.4,4694,1.97,Conventional,D1,D,,
IND - Manzana,R2879,,Independent Sector,MANZ D2,Rockit,M.9,Spindle,3,1.4,6867,2.89,Conventional,D2,D,,
IND - Manzana 2,R2925,,Independent Sector,MANZ2 A,Rockit,M.9,Spindle,3,1.4,8257,3.47,Conventional,A,A,,
IND - Manzana 2,R2925,,Independent Sector,MANZ2 B,Rockit,M.9,Spindle,3,1.4,9103,3.82,Conventional,B,B,,
IND - Manzana 2,R2925,,Independent Sector,MANZ2 C,Rockit,M.9,Spindle,3,1.4,4136,1.74,Conventional,C,C,,
IND - Moa Apples,R1626,,Independent Sector,MOA-NP4,Rockit,M.9,,3.5,1.5,1128,0.5922,Conventional,4,A,,
IND - Moa Apples,R1626,,Independent Sector,MOA-NPA,Rockit,M.9,,3.5,1.5,1340,0.7371,Conventional,A,C,,
IND - Moa Apples,R1626,,Independent Sector,MOA-NPC,Rockit,M.9,,3.5,1.5,922,0.48405,Conventional,C,B,,
IND - Moa Apples,R1626,,Independent Sector,MOA-OV1,Rockit,,,5,3,253,0.3795,Conventional,1,A,,
IND - Moa Apples,R1626,,Independent Sector,MOA-OV3,Rockit,,,5,3,430,0.726,Conventional,3,A,,
IND - Moa Apples,R1626,,Independent Sector,MOA-OVB,Rockit,,,5,3,1004,1.563,Conventional,B,C,,
IND - Moa Apples,R1626,,Independent Sector,MOA-OVD,Rockit,,,5,3,239,0.3585,Conventional,D,B,,
IND - Moa Apples,R1626,,Independent Sector,MOA-OVF,Rockit,,,5,3,144,0.26,Conventional,F,B,,
IND - Moa Apples,R1626,,Independent Sector,MOA-YV2,Rockit,M.793,,3.5,3,425,0.44625,Conventional,2,A,,
IND - Moa Apples,R1626,,Independent Sector,MOA-YVE,Rockit,M.793,,3.5,3,204,0.2142,Conventional,E,B,,
IND - Moteo Pa,R2636,,Independent Sector,MOT A1,Rockit,MM.106,Spindle,3.5,1.6,2687,2.99,Conventional,A1,A,,
IND - Moteo Pa,R2636,,Independent Sector,MOT A2,Rockit,MM.106,Spindle,3.5,1.6,859,0.96,Conventional,A2,A,,
IND - Moteo Pa,R2636,,Independent Sector,MOT B1,Rockit,M.9,Spindle,3,1.4,2469,1.02,Conventional,B1,B,,
IND - Moteo Pa,R2636,,Independent Sector,MOT B2,Rockit,M.9,Spindle,3,1.4,2374,0.98,Conventional,B2,B,,
IND - Norton,R1856,,Independent Sector,NOR-NTRK,Rockit,M.9,,1.4,3.3,5288,2.443056,Conventional,ROCK,B,,
Napier Road Central,R1639,Milap Sondh,Hastings Sector,NRC A1,Rockit,MM.106,Twin Leader,4.5,2.5,410,0.49,Conventional,A1,A1,,
Napier Road Central,R1639,Milap Sondh,Hastings Sector,NRC A2,Rockit,Marc,Spindle,3.5,1.5,567,0.329,Conventional,A2,A2,,
Napier Road Central,R1639,Milap Sondh,Hastings Sector,NRC A3,Rockit,MM.106,Twin Leader,4.5,2.4,282,0.339,Conventional,A3,A3,,
Napier Road Central,R1639,Milap Sondh,Hastings Sector,NRC A4,Rockit,MM.106,Twin Leader,4.5,2.4,347,0.404,Conventional,A4,A4,,
Napier Road Central,R1639,Milap Sondh,Hastings Sector,NRC B1,Rockit,M.9/M.116,Spindle,4.5,1.2,451,0.27,Conventional,B1,B1,,
Napier Road Central,R1639,Milap Sondh,Hastings Sector,NRC B2,Rockit,MM.106,Twin Leader,4.5,2.4,251,0.274,Conventional,B2,B2,,
Napier Road Central,R1639,Milap Sondh,Hastings Sector,NRC B3,Rockit,M.9/M.116,Spindle,4.5,1.2,280,0.16,Conventional,B3,B3,,
Napier Road Central,R1639,Milap Sondh,Hastings Sector,NRC B4,Rockit,MM.106,Twin Leader,4.5,2.4,228,0.254,Conventional,B4,B4,,
Napier Road Central,R1639,Milap Sondh,Hastings Sector,NRC B5,Rockit,M.9/M.116,Twin Leader,4.5,1.2,577,0.321,Conventional,B5,B5,,
Napier Road Central,R1639,Milap Sondh,Hastings Sector,NRC B6,Rockit,MM.106,Spindle,4.5,2.4,265,0.292,Conventional,B6,B6,,
IND-Te Wairua,R2915,,Independent Sector,NRL A,Rockit,M.9,2D,3,1.4,1383,0.575,Conventional,A,,,Non-production
IND-Te Wairua,R2915,,Independent Sector,NRL B,Rockit,M.9,2D,3,1.4,5294,2.216,Conventional,B,,,Non-production
IND-Te Wairua,R2915,,Independent Sector,NRL C,Rockit,M.9,2D,3,1.4,3983,1.667,Conventional,C,,,Non-production
IND-Te Wairua,R2915,,Independent Sector,NRL D,Rockit,M.9,2D,3,1.4,165,2.83,Conventional,D,,,Non-production
Napier Road North,R2775,Milap Sondh,Hastings Sector,NRN A1,Rockit,M.9,Spindle,3,1.4,252,0.11,Conventional,A1,A1,,
Napier Road North,R2775,Milap Sondh,Hastings Sector,NRN A2,Rockit,M.9,Spindle,3,1.4,385,0.18,Conventional,A2,A2,,
Napier Road North,R2775,Milap Sondh,Hastings Sector,NRN A3,Rockit,M.9,Spindle,3,1.4,2304,1.34,Conventional,A3,A3,,
Napier Road North,R2775,Milap Sondh,Hastings Sector,NRN B1,Rockit,M.9,Spindle,3,1.4,3978,1.67076,Conventional,B,B,,
Napier Road South,R2712,Milap Sondh,Hastings Sector,NRS A1,Rockit,M.9,Spindle,3,1.4,301,0,Conventional,A1,A1,,
Napier Road South,R2712,Milap Sondh,Hastings Sector,NRS A2,Rockit,M.9,Spindle,3,1.4,33,0.08,Conventional,A2,A2,,
Napier Road South,R2712,Milap Sondh,Hastings Sector,NRS A3,Rockit,M.9,Spindle,3,1.4,3266,1.52,Conventional,A3,A3,,
Napier Road South,R2712,Milap Sondh,Hastings Sector,NRS B1,Rockit,M.9,Spindle,3,1.4,3978,1.83,Conventional,B,B,,
IND - Oceanview Orchard,R1899,,Independent Sector,OCE-DRAIN,Rockit,MM.106,,5,2.5,1470,1.8375,Conventional,C,C,,
IND - Oceanview Orchard,R1899,,Independent Sector,OCE-LEFT,Rockit,MM.106,,4.5,2.5,1495,1.681875,Conventional,D,D,,
IND - Oceanview Orchard,R1899,,Independent Sector,OCE-MIDDLE,Rockit,MM.106,,5,2.5,2200,2.812,Conventional,B,B,,
IND - Oceanview Orchard,R1899,,Independent Sector,OCE-SHED,Rockit,MM.106,,5,2.5,1007,1.25875,Conventional,A,A,,
IND - Okohua Orchard,R1611,,Independent Sector,OKO-C1,Rockit,MM.106,,3.8,2.5,960,0.912,Conventional,C1,C,,
IND - Okohua Orchard,R1611,,Independent Sector,OKO-C2,Rockit,M793,,4.3,3,0,0,Conventional,,,,
Omahu,R2724,Shane Crawford,Crownthorpe Sector,OMAHU A1,Rockit,M.9,Spindle,3,1.4,6730,2.83,Conventional,A,A,,
Omahu,R2724,Shane Crawford,Crownthorpe Sector,OMAHU A2,Rockit,M.9,Spindle,3,1.4,3786,1.61,Conventional,C,C,,
Omahu,R2724,Shane Crawford,Crownthorpe Sector,OMAHU A3,Rockit,M.9,Spindle,3,1.4,1975,0.82,Conventional,E,C,,
Omahu,R2724,Shane Crawford,Crownthorpe Sector,OMAHU B,Rockit,M.9,Spindle,3,1.4,2475,1.0395,Conventional,B,B,,
Omahu,R2724,Shane Crawford,Crownthorpe Sector,OMAHU B1,Rockit,CG202,FOPS,2.2,2.8,3804,2.717,Conventional,FOPSD,FD,,
Omahu,R2724,Shane Crawford,Crownthorpe Sector,OMAHU B2,Rockit,CG202,FOPS,2.2,2.8,1675,0.531,Conventional,FOPSF,FF,,
Omahu,R2724,Shane Crawford,Crownthorpe Sector,OMAHU B3,Rockit,M.9,Spindle,3,1.4,11097,4.66074,Conventional,F,F,,
Omahu,R2724,Shane Crawford,Crownthorpe Sector,OMAHU D,Rockit,M.9,Spindle,3,1.4,8830,3.7086,Conventional,D,D,,
Omahu,R2724,Shane Crawford,Crownthorpe Sector,OMAHU FB,Rockit,CG202,FOPS,2.2,2.8,1618,1.008,Conventional,FOPSB,FB,,
Omahu,R2724,Shane Crawford,Crownthorpe Sector,OMAHU FG,Rockit,CG202,FOPS,2.2,2.8,4778,3.024,Conventional,FOPSG,FG,,
Omahu,R2724,Shane Crawford,Crownthorpe Sector,OMAHU G,Rockit,M.9,Spindle,3,1.4,4491,1.88622,Conventional,G,G,,
Ormond Road,R2945,Milap Sondh,Hastings Sector,ORM A1,Rockit,M.9,FOPS,2.2,2.4,4951,2.628,Conventional,D,,,Non-production
Ormond Road,R2945,Milap Sondh,Hastings Sector,ORM A2,Rockit,M.9,FOPS,2.2,2.4,6158,3.28,Conventional,C,,,Non-production
Ormond Road,R2945,Milap Sondh,Hastings Sector,ORM B1,Rockit,M.9,FOPS,2.2,2.4,5841,3.085,Conventional,A,,,Non-production
Ormond Road,R2945,Milap Sondh,Hastings Sector,ORM B2,Rockit,M.9,FOPS,2.2,2.4,5352,2.828,Conventional,B,,,Non-production
IND - Paki Paki,R2786,,Independent Sector,PAK-RK1,Rockit,M.9,,3.3,1.4,3869,1.787478,Conventional,A,A,,
IND - Paki Paki,R2786,,Independent Sector,PAK-RK2,Rockit,M.9,,3.5,1.4,3306,1.61994,Conventional,B,B,,
IND - Parkhill Orchard,R2841,,Independent Sector,PAR-RK,Rockit,M.9,,3.3,1.4,11586,5.352732,Conventional,A,A,,
Rangi 2,R2901,Shane Crawford,Crownthorpe Sector,RANGI2 A,Rockit,M.793,Spindle,4,2,1489,1.5,Conventional,A,A,,
Rangi 2,R2901,Shane Crawford,Crownthorpe Sector,RANGI2 B,Rockit,M.793,Spindle,4,2,1784,1.3,Conventional,B,B,,
Rangi 2,R2901,Shane Crawford,Crownthorpe Sector,RANGI2 C,Rockit,M.793,Spindle,4,2,1688,1.2,Conventional,C,C,,
IND - Riverbank Orchard,R1632,,Independent Sector,RBK VN,Rockit,M9,,3.5,1.5,1893,1.1,Conventional,N,A,,
IND - Riverbank Orchard,R1632,,Independent Sector,RBK VO,Rockit,MM102,,4.1,1.8,1149,0.847,Conventional,O,A,,
IND - Riverside,R1752,,Independent Sector,RIV-B1,Rockit,MM.106,,4.5,2.5,530,0.59625,Conventional,B1,B,,
IND - Riverside,R1752,,Independent Sector,RIV-B1/1,Rockit,M793,,,,0,0,Conventional,,,,
IND - Riverside,R1752,,Independent Sector,RIV-B2,Rockit,M.26,,3.9,1.5,1050,0.61,Conventional,B2,B,,
IND - Riverside,R1752,,Independent Sector,RIV-B2/2,Rockit,M116,,4,2,0,0,Conventional,,,,
IND - Riverside,R1752,,Independent Sector,RIV-C1,Rockit,M26,,4,1.5,1442,0.87,Conventional,C1,C,,
IND - Riverside,R1752,,Independent Sector,RIV-C1/1,Rockit,MM106,,5,3,0,0,Conventional,,,,
IND - Riverside,R1752,,Independent Sector,RIV-C1/2,Rockit,M26,,4,1.5,0,0,Conventional,,,,
IND - Riverside,R1752,,Independent Sector,RIV-D2,Rockit,MM106,,4.5,2.5,548,0.6165,Conventional,D2,D,,
IND - Riverside,R1752,,Independent Sector,RIV-D2/1,Rockit,M793,,4,2,0,0,Conventional,,,,
IND - Riverside,R1752,,Independent Sector,RIV-D2/2,Rockit,MM106,,4.5,2.5,0,0,Conventional,,,,
IND- Longacre Orchard (RLA),R2219,,Independent Sector,RLA F,Rockit,M.9,Spindle,3,1.4,3735,1.5687,Conventional,F,C,(excluded),Non-production
Raukawa,R1232,Todd Blackman,Havelock Sector,RRD A1,Rockit,CG202,FOPS,2.2,3,1290,1.03,Conventional,A1,A,,
Raukawa,R1232,Todd Blackman,Havelock Sector,RRD A2,Rockit,CG202,FOPS,2.2,3,1058,0.87,Conventional,A2,A,,
Raukawa,R1232,Todd Blackman,Havelock Sector,RRD A3,Rockit,CG202,FOPS,2.2,3,1092,0.96,Conventional,A3,A,,
Raukawa,R1232,Todd Blackman,Havelock Sector,RRD A4,Rockit,CG202,FOPS,2.2,3,880,0.71,Conventional,A4,A,,
Raukawa,R1232,Todd Blackman,Havelock Sector,RRD A5,Rockit,MM.106,Spindle,4,2.5,1696,1.4,Conventional,A5,A,,
Raukawa,R1232,Todd Blackman,Havelock Sector,RRD B1,Rockit,MM.106,Spindle,4,2.5,2056,1.67,Conventional,B1,B,,
Raukawa,R1232,Todd Blackman,Havelock Sector,RRD B2,Rockit,MM.106,Spindle,4,2.5,1350,1.08,Conventional,B2,B,,
Raukawa,R1232,Todd Blackman,Havelock Sector,RRD B3,Rockit,MM.106,Spindle,4,2.5,1485,1.17,Conventional,B3,B,,
Raukawa,R1232,Todd Blackman,Havelock Sector,RRD B4,Rockit,MM.106,Spindle,4,2.5,1458,1.25,Conventional,B4,B,,
Raukawa,R1232,Todd Blackman,Havelock Sector,RRD C1,Rockit,MM.106,Spindle,4,2.5,1860,1.59,Conventional,C1,C,,
Raukawa,R1232,Todd Blackman,Havelock Sector,RRD C2,Rockit,MM.106,Spindle,4,2.5,979,0.79,Conventional,C2,C,,
Raukawa,R1232,Todd Blackman,Havelock Sector,RRD C3,Rockit,MM.106,Spindle,4,2.5,744,0.65,Conventional,C3,C,,
Raukawa,R1232,Todd Blackman,Havelock Sector,RRD C4,Rockit,MM.106,Spindle,4,2.5,520,0.41,Conventional,C4,C,,
IND - Riverside Apples,R1021,,Independent Sector,RVA-TD1,Rockit,M.9,,3.4,1.5,2534,1.29,Conventional,L,B,,
IND - Riverside Apples,R1021,,Independent Sector,RVA-TD2,Rockit,M.9/Cepiland,,3.5,1.5,1562,0.82005,Conventional,N,B,,
IND - Riverside Apples,R1021,,Independent Sector,RVA-TO1,Rockit,M.9/Cepiland,,3.5,1.5,912,0.4788,Conventional,S,C,,
IND - Riverside Apples,R1021,,Independent Sector,RVA-TO2,Rockit,CG202,,5,2.8,135,0.189,Conventional,T,C,,
IND - Riverside Apples,R1021,,Independent Sector,RVA-TO3,Rockit,,,3.5,1.5,1801,0.945525,Conventional,U,C,,
IND - Riverside Apples,R1021,,Independent Sector,RVA-TP3,Rockit,M.9/Cepiland,,3.6,1.5,1612,0.87048,Conventional,J,A,,
IND - Riverside Apples,R1021,,Independent Sector,RVA-TR1,Rockit,M.9,,3.5,1.5,4153,2.180325,Conventional,A,A,,
IND - Riverside Apples,R1021,,Independent Sector,RVA-TR6,Rockit,M.9,,3.3,1.3,847,0.363363,Conventional,F,A,,
IND - Watson Road,R2447,,Independent Sector,RWR A1,Rockit,M.9,Spindle,3,1.4,2649,1.18,Conventional,A,A,,
IND - Watson Road,R2447,,Independent Sector,RWR B1,Rockit,M.9,Spindle,3.5,1.2,3652,1.97,Conventional,B,B,,
Sim 1,R2900,Shane Crawford,Crownthorpe Sector,SIM1 A1,Rockit,M.9,Spindle,3,1.4,3471,1.46,Conventional,A,A,,
Sim 1,R2900,Shane Crawford,Crownthorpe Sector,SIM1 A2,Rockit,M.9,Spindle,3,1.4,3672,1.54,Conventional,B,B,,
Sim 1,R2900,Shane Crawford,Crownthorpe Sector,SIM1 B1,Rockit,M.9,Spindle,3,1.4,2600,1.09,Conventional,C,C,,
Sim 1,R2900,Shane Crawford,Crownthorpe Sector,SIM1 B2,Rockit,M.9,Spindle,3,1.4,4400,1.85,Conventional,D,D,,
Sim 1,R2900,Shane Crawford,Crownthorpe Sector,SIM1 B3,Rockit,M.9,Spindle,3,1.4,5591,2.23,Conventional,E,E,,
Sim 1,R2900,Shane Crawford,Crownthorpe Sector,SIM1 C1,Rockit,M.9,Spindle,3,1.4,3108,1.31,Conventional,F,F,,
Sim 1,R2900,Shane Crawford,Crownthorpe Sector,SIM1 C2,Rockit,M.9,Spindle,3,1.4,3608,1.52,Conventional,G,G,,
Sim 1,R2900,Shane Crawford,Crownthorpe Sector,SIM1 D1,Rockit,M.9,Spindle,3,1.4,3519,1.48,Conventional,H,H,,
Sim 1,R2900,Shane Crawford,Crownthorpe Sector,SIM1 D2,Rockit,M.9,Spindle,3,1.4,4374,1.84,Conventional,I,I,,
Sim 2,R2886,Shane Crawford,Crownthorpe Sector,SIM2 A1,Rockit,M.9,Spindle,3,1.4,5663,2.38,Conventional,A,A,,
Sim 2,R2886,Shane Crawford,Crownthorpe Sector,SIM2 A2,Rockit,M.9,Spindle,3,1.4,2294,0.95382,Conventional,A2,A,,
Sim 2,R2886,Shane Crawford,Crownthorpe Sector,SIM2 B1,Rockit,M.9,Spindle,3,1.4,6660,2.8,Conventional,B,B,,
Sim 2,R2886,Shane Crawford,Crownthorpe Sector,SIM2 B2,Rockit,M.9,Spindle,3,1.4,3134,1.29822,Conventional,B2,B,,
IND - Sissons,R1862,,Independent Sector,SIS-SSRK,Rockit,M.9,,3.3,1.4,1745,0.80619,Conventional,A,A,,
Stock Road South,R2534,Todd Blackman,Havelock Sector,SRS A1,Rockit,M.9,Spindle,3.5,1.4,1724,0.89,Conventional,B1,B,,
Stock Road South,R2534,Todd Blackman,Havelock Sector,SRS A2,Rockit,M.9,Spindle,3.5,1.4,1233,0.63,Conventional,B2,B,,
Stock Road South,R2534,Todd Blackman,Havelock Sector,SRS A3,Rockit,M.9,Spindle,3.5,1.4,1718,0.84182,Conventional,D1,D,,
Stock Road South,R2534,Todd Blackman,Havelock Sector,SRS A4,Rockit,M.9,Spindle,3.5,1.4,1687,0.82663,Conventional,D2,D,,
Stock Road South,R2534,Todd Blackman,Havelock Sector,SRS A5,Rockit,MM.106,Spindle,3.5,1.4,227,0.11221,Conventional,D3,D,,
Stock Road South,R2534,Todd Blackman,Havelock Sector,SRS B1,Rockit,M.9,Spindle,3.5,1.4,3359,1.65,Conventional,C,C,,
Stock Road South,R2534,Todd Blackman,Havelock Sector,SRS B2,Rockit,M.9,Spindle,3.5,1.4,3143,1.54,Conventional,A,A,,
Stock Road South,R2534,Todd Blackman,Havelock Sector,SRS C1,Rockit,M.9,Spindle,3.4,1.4,2542,1.18,Conventional,E1,E,,
Stock Road South,R2534,Todd Blackman,Havelock Sector,SRS C2,Rockit,M.9,Spindle,3.4,1.4,2488,1.17,Conventional,E2,E,,
Stock Road South,R2534,Todd Blackman,Havelock Sector,SRS D1,Rockit,M.9,Spindle,3.5,1.5,2053,1.03,Conventional,F1,F,,
Stock Road South,R2534,Todd Blackman,Havelock Sector,SRS D2,Rockit,M.9,Spindle,3.5,1.5,2188,1.1,Conventional,F2,F,,
Steel,R1149,Shane Crawford,Crownthorpe Sector,STEEL A,Rockit,M.9,Spindle,3,1.4,4690,1.97,Conventional,A,A,,
Steel,R1149,Shane Crawford,Crownthorpe Sector,STEEL B,Rockit,M.9,Spindle,3,1.4,3682,1.55,Conventional,B,B,,
Steel,R1149,Shane Crawford,Crownthorpe Sector,STEEL C,Rockit,M.9,Spindle,3,1.4,7571,3.18,Conventional,C,C,,
Steel,R1149,Shane Crawford,Crownthorpe Sector,STEEL D,Rockit,M.9,Spindle,3,1.4,2916,1.23,Conventional,D,D,,
IND - Sunvalley Orchard,R2732,,Independent Sector,SUN-EAST,Rockit,M.9,,3.5,1.5,5000,2.63,Conventional,R,A,,
IND - Sunvalley Orchard,R2732,,Independent Sector,SUN-NORTH,Rockit,M.116,,4,2,1100,0.88,Conventional,R,A,,
IND - Sunvalley Orchard,R2732,,Independent Sector,SUN-WEST,Rockit,M.9,,3.5,1.5,3640,2,Conventional,R,A,,
IND - Swamp Rd,R1369,,Independent Sector,SWP-BACK,Rockit,M.9,,3.5,1.4,2479,1.21471,Conventional,F,A,,
IND - Swamp Rd,R1369,,Independent Sector,SWP-NEWCRK,Rockit,M.9,,3.5,1.4,1286,0.63014,Conventional,E,A,,
IND - Swamp Rd,R1369,,Independent Sector,SWP-NEWWIN,Rockit,M.9,,3.5,1.4,1735,0.85015,Conventional,C,A,,
IND - Swamp Rd,R1369,,Independent Sector,SWP-RDMAIN,Rockit,M.9,,3.5,1.4,4549,2.22901,Conventional,A,A,,
IND - Swamp Rd,R1369,,Independent Sector,SWP-RDSTH,Rockit,M.9,,3.5,1.4,2586,1.26714,Conventional,B,A,,
IND - Swamp Rd,R1369,,Independent Sector,SWP-WEAK,Rockit,M.9,,3.5,1.4,2210,1.0829,Conventional,D,A,,
IND - Te Arai,R2944,,Independent Sector,TA 1,Rockit,M.9,2D,2.5,1.6,6282,2.518,Conventional,,,,
IND - Te Arai,R2944,,Independent Sector,TA 2,Rockit,M.9,2D,2.5,1.6,5436,2.168,Conventional,,,,
IND - Te Arai,R2944,,Independent Sector,TA 3,Rockit,M.9,2D,2.5,1.6,10281,4.139,Conventional,,,,
IND - Te Arai,R2944,,Independent Sector,TA 4,Rockit,M.9,2D,2.5,1.6,7504,3.008,Conventional,,,,
IND - Te Arai,R2944,,Independent Sector,TA 5,Rockit,M.9,2D,2.5,1.6,4003,1.611,Conventional,,,,
IND - Te Arai,R2944,,Independent Sector,TA 6,Rockit,M.9,2D,2.5,1.6,9313,3.729,Conventional,,,,
IND - Te Arai,R2944,,Independent Sector,TA 7,Rockit,M.9,2D,2.5,1.6,2708,1.071,Conventional,,,,
IND - Te Arai,R2944,,Independent Sector,TA 8,Rockit,M.9,2D,2.5,1.6,3489,1.4,Conventional,,,,
IND - Te Arai,R2944,,Independent Sector,TA 9,Rockit,M.9,2D,2.5,1.6,5015,2.002,Conventional,,,,
Te Aute Road North,R1233,Todd Blackman,Havelock Sector,TRN A1,Rockit,M.9/M.26,Spindle,3.7,1.5,1919,1.12,Conventional,A1,A,,
Te Aute Road North,R1233,Todd Blackman,Havelock Sector,TRN A2,Rockit,M.9/M.26,Spindle,3.7,1.5,1879,1.09,Conventional,A2,A,,
Te Aute Road North,R1233,Todd Blackman,Havelock Sector,TRN B1,Rockit,M.9/M.26,Spindle,3.7,1.5,2266,1.39,Conventional,B1,B,,
Te Aute Road North,R1233,Todd Blackman,Havelock Sector,TRN B2,Rockit,M.9/M.26,Spindle,3.7,1.5,2200,1.36,Conventional,B2,B,,
Te Aute Road South,R2668,Todd Blackman,Havelock Sector,TRS A,Rockit,M.9,Spindle,3.5,1.4,4837,2.37,Conventional,A,A,,
IND - Tuki Orchard,R1222,,Independent Sector,TUK TATJTO,Rockit,M9,,4,1.8,1730,1.246,Conventional,Q,B,,
IND - Tuki Orchard,R1222,,Independent Sector,TUK TQTR,Rockit,M26,,4,2,380,0.304,Conventional,Q,B,,
IND - Tuki Orchard,R1222,,Independent Sector,TUK TS,Rockit,MM106,,4.2,2.5,550,0.578,Conventional,S,A,,
IND - Waipatu,R2873,,Independent Sector,WAI-WPR1,Rockit,M9,2D,2.8,1.5,0,1.98,Conventional,WPR1,,,
IND - Waipatu,R2873,,Independent Sector,WAI-WPR2,Rockit,M9,2D,2.8,1.5,0,4.65,Conventional,WPR2,,,
IND - Waipatu,R2873,,Independent Sector,WAI-WPR3,Rockit,M9,2D,2.8,1.5,0,5.14,Conventional,WPR3,,,
Wharerangi,R1936,Shane Crawford,Crownthorpe Sector,WHAR A1,Rockit,MM.106,Spindle,4.5,2.5,2000,1.55,Conventional,A1,A,,
Wharerangi,R1936,Shane Crawford,Crownthorpe Sector,WHAR A2,Rockit,MM.106,Spindle,4.5,2.5,1528,1.3,Conventional,A2,A,,
Wharerangi,R1936,Shane Crawford,Crownthorpe Sector,WHAR B1,Rockit,M.9,Spindle,4.5,2,760,0.71,Conventional,B1,B,,
Wharerangi,R1936,Shane Crawford,Crownthorpe Sector,WHAR B2,Rockit,MM.106,Spindle,4.5,2,796,0.71,Conventional,B2,B,,
Wharerangi,R1936,Shane Crawford,Crownthorpe Sector,WHAR C1,Rockit,MM.106,Spindle,4.5,2.5,1080,0.67,Conventional,C1,C,,
Wharerangi,R1936,Shane Crawford,Crownthorpe Sector,WHAR C2,Rockit,MM.106,Spindle,4.5,2.5,1210,0.67,Conventional,C2,C,,
Wharerangi,R1936,Shane Crawford,Crownthorpe Sector,WHAR D,Rockit,M.9,Spindle,3,1.4,2722,1.07,Conventional,D,D,,
IND - Willowbank Orchard,R1095,,Independent Sector,WIL-BACK,Rockit,M.9,,3.5,1.5,2760,1.449,Conventional,C,C,,
IND - Willowbank Orchard,R1095,,Independent Sector,WIL-FRONT,Rockit,M.9,,3.5,1.5,3800,1.995,Conventional,B,B,,
